Date,Low,Open,Volume,High,Close,Adjusted Close
28-08-2018,9405.830078125,9405.830078125,0.0,9405.830078125,9405.830078125,9405.830078125
29-08-2018,9510.3603515625,9510.3603515625,0.0,9510.3603515625,9510.3603515625,9510.3603515625
30-08-2018,9500.66015625,9500.66015625,0.0,9500.66015625,9500.66015625,9500.66015625
31-08-2018,9556.7900390625,9556.7900390625,0.0,9556.7900390625,9556.7900390625,9556.7900390625
04-09-2018,9322.5302734375,9322.5302734375,0.0,9322.5302734375,9322.5302734375,9322.5302734375
05-09-2018,9235.4404296875,9235.4404296875,0.0,9235.4404296875,9235.4404296875,9235.4404296875
06-09-2018,9221.9404296875,9221.9404296875,0.0,9221.9404296875,9221.9404296875,9221.9404296875
07-09-2018,9429.1904296875,9429.1904296875,0.0,9429.1904296875,9429.1904296875,9429.1904296875
10-09-2018,9407.9404296875,9407.9404296875,0.0,9407.9404296875,9407.9404296875,9407.9404296875
11-09-2018,9156.240234375,9156.240234375,0.0,9156.240234375,9156.240234375,9156.240234375
12-09-2018,9163.9697265625,9163.9697265625,0.0,9163.9697265625,9163.9697265625,9163.9697265625
13-09-2018,9140.759765625,9140.759765625,0.0,9140.759765625,9140.759765625,9140.759765625
14-09-2018,9009.0703125,9009.0703125,0.0,9009.0703125,9009.0703125,9009.0703125
17-09-2018,9231.7900390625,9231.7900390625,0.0,9231.7900390625,9231.7900390625,9231.7900390625
18-09-2018,9090.3896484375,9090.3896484375,0.0,9090.3896484375,9090.3896484375,9090.3896484375
19-09-2018,9088.419921875,9088.419921875,0.0,9088.419921875,9088.419921875,9088.419921875
20-09-2018,9028.490234375,9028.490234375,0.0,9028.490234375,9028.490234375,9028.490234375
21-09-2018,9096.2998046875,9096.2998046875,0.0,9096.2998046875,9096.2998046875,9096.2998046875
24-09-2018,8875.5498046875,8875.5498046875,0.0,8875.5498046875,8875.5498046875,8875.5498046875
25-09-2018,8827.150390625,8827.150390625,0.0,8827.150390625,8827.150390625,8827.150390625
26-09-2018,8900.73046875,8900.73046875,0.0,8900.73046875,8900.73046875,8900.73046875
27-09-2018,8881.3203125,8881.3203125,0.0,8881.3203125,8881.3203125,8881.3203125
28-09-2018,8765.099609375,8765.099609375,0.0,8765.099609375,8765.099609375,8765.099609375
01-10-2018,8604.4296875,8604.4296875,0.0,8604.4296875,8604.4296875,8604.4296875
02-10-2018,8474.7001953125,8474.7001953125,0.0,8474.7001953125,8474.7001953125,8474.7001953125
03-10-2018,8279.1396484375,8279.1396484375,0.0,8279.1396484375,8279.1396484375,8279.1396484375
04-10-2018,8490.1796875,8490.1796875,0.0,8490.1796875,8490.1796875,8490.1796875
05-10-2018,8619.900390625,8619.900390625,0.0,8619.900390625,8619.900390625,8619.900390625
08-10-2018,8651.0,8651.0,0.0,8651.0,8651.0,8651.0
09-10-2018,8620.0498046875,8620.0498046875,0.0,8620.0498046875,8620.0498046875,8620.0498046875
10-10-2018,8571.650390625,8571.650390625,0.0,8571.650390625,8571.650390625,8571.650390625
11-10-2018,8463.169921875,8463.169921875,0.0,8463.169921875,8463.169921875,8463.169921875
12-10-2018,8492.150390625,8492.150390625,0.0,8492.150390625,8492.150390625,8492.150390625
15-10-2018,8656.76953125,8656.76953125,0.0,8656.76953125,8656.76953125,8656.76953125
16-10-2018,8558.0,8558.0,0.0,8558.0,8558.0,8558.0
17-10-2018,8461.2001953125,8461.2001953125,0.0,8461.2001953125,8461.2001953125,8461.2001953125
18-10-2018,8395.349609375,8395.349609375,0.0,8395.349609375,8395.349609375,8395.349609375
19-10-2018,8252.1201171875,8252.1201171875,0.0,8252.1201171875,8252.1201171875,8252.1201171875
22-10-2018,8186.27978515625,8186.27978515625,0.0,8186.27978515625,8186.27978515625,8186.27978515625
23-10-2018,8350.8896484375,8350.8896484375,0.0,8350.8896484375,8350.8896484375,8350.8896484375
24-10-2018,8350.8896484375,8350.8896484375,0.0,8350.8896484375,8350.8896484375,8350.8896484375
25-10-2018,8285.0498046875,8285.0498046875,0.0,8285.0498046875,8285.0498046875,8285.0498046875
26-10-2018,8287.01953125,8287.01953125,0.0,8287.01953125,8287.01953125,8287.01953125
29-10-2018,8309.25,8309.25,0.0,8309.25,8309.25,8309.25
30-10-2018,8226.9404296875,8226.9404296875,0.0,8226.9404296875,8226.9404296875,8226.9404296875
31-10-2018,8263.66015625,8263.66015625,0.0,8263.66015625,8263.66015625,8263.66015625
01-11-2018,7915.009765625,7915.009765625,0.0,7915.009765625,7915.009765625,7915.009765625
02-11-2018,8226.7900390625,8226.7900390625,0.0,8226.7900390625,8226.7900390625,8226.7900390625
05-11-2018,8309.099609375,8309.099609375,0.0,8309.099609375,8309.099609375,8309.099609375
06-11-2018,8358.490234375,8358.490234375,0.0,8358.490234375,8358.490234375,8358.490234375
07-11-2018,8343.009765625,8343.009765625,0.0,8343.009765625,8343.009765625,8343.009765625
08-11-2018,8393.3798828125,8393.3798828125,0.0,8393.3798828125,8393.3798828125,8393.3798828125
09-11-2018,8410.830078125,8410.830078125,0.0,8410.830078125,8410.830078125,8410.830078125
12-11-2018,8384.66015625,8384.66015625,0.0,8384.66015625,8384.66015625,8384.66015625
13-11-2018,8392.400390625,8392.400390625,0.0,8392.400390625,8392.400390625,8392.400390625
14-11-2018,8408.8603515625,8408.8603515625,0.0,8408.8603515625,8408.8603515625,8408.8603515625
15-11-2018,8389.4404296875,8389.4404296875,0.0,8389.4404296875,8389.4404296875,8389.4404296875
16-11-2018,8438.8203125,8438.8203125,0.0,8438.8203125,8438.8203125,8438.8203125
19-11-2018,8208.3603515625,8208.3603515625,0.0,8208.3603515625,8208.3603515625,8208.3603515625
20-11-2018,8057.39990234375,8057.39990234375,0.0,8057.39990234375,8057.39990234375,8057.39990234375
21-11-2018,8304.3203125,8304.3203125,0.0,8304.3203125,8304.3203125,8304.3203125
23-11-2018,8177.41015625,8177.41015625,0.0,8177.41015625,8177.41015625,8177.41015625
26-11-2018,8128.02978515625,8128.02978515625,0.0,8128.02978515625,8128.02978515625,8128.02978515625
27-11-2018,7990.56982421875,7990.56982421875,0.0,7990.56982421875,7990.56982421875,7990.56982421875
28-11-2018,8221.0302734375,8221.0302734375,0.0,8221.0302734375,8221.0302734375,8221.0302734375
29-11-2018,8056.41015625,8056.41015625,0.0,8056.41015625,8056.41015625,8056.41015625
30-11-2018,8137.72998046875,8137.72998046875,0.0,8137.72998046875,8137.72998046875,8137.72998046875
03-12-2018,8310.08984375,8310.08984375,0.0,8310.08984375,8310.08984375,8310.08984375
04-12-2018,8412.650390625,8412.650390625,0.0,8412.650390625,8412.650390625,8412.650390625
06-12-2018,8519.16015625,8519.16015625,0.0,8519.16015625,8519.16015625,8519.16015625
07-12-2018,8503.6904296875,8503.6904296875,0.0,8503.6904296875,8503.6904296875,8503.6904296875
10-12-2018,8306.150390625,8306.150390625,0.0,8306.150390625,8306.150390625,8306.150390625
11-12-2018,8322.6103515625,8322.6103515625,0.0,8322.6103515625,8322.6103515625,8322.6103515625
12-12-2018,,,,,,
13-12-2018,8189.93017578125,8189.93017578125,0.0,8189.93017578125,8189.93017578125,8189.93017578125
14-12-2018,8189.93017578125,8189.93017578125,0.0,8189.93017578125,8189.93017578125,8189.93017578125
17-12-2018,8058.240234375,8058.240234375,0.0,8058.240234375,8058.240234375,8058.240234375
18-12-2018,7923.72998046875,7923.72998046875,0.0,7923.72998046875,7923.72998046875,7923.72998046875
19-12-2018,7946.9501953125,7946.9501953125,0.0,7946.9501953125,7946.9501953125,7946.9501953125
20-12-2018,7778.5400390625,7778.5400390625,0.0,7778.5400390625,7778.5400390625,7778.5400390625
21-12-2018,8067.9501953125,8067.9501953125,0.0,8067.9501953125,8067.9501953125,8067.9501953125
24-12-2018,8067.9501953125,8067.9501953125,0.0,8067.9501953125,8067.9501953125,8067.9501953125
26-12-2018,8067.9501953125,8067.9501953125,0.0,8067.9501953125,8067.9501953125,8067.9501953125
27-12-2018,7852.22998046875,7852.22998046875,0.0,7852.22998046875,7852.22998046875,7852.22998046875
28-12-2018,7981.66015625,7981.66015625,0.0,7981.66015625,7981.66015625,7981.66015625
31-12-2018,8175.81005859375,8175.81005859375,0.0,8175.81005859375,8175.81005859375,8175.81005859375
02-01-2019,7938.509765625,7938.509765625,0.0,7938.509765625,7938.509765625,7938.509765625
03-01-2019,7787.509765625,7787.509765625,0.0,7787.509765625,7787.509765625,7787.509765625
04-01-2019,7895.3701171875,7895.3701171875,0.0,7895.3701171875,7895.3701171875,7895.3701171875
07-01-2019,7981.66015625,7981.66015625,0.0,7981.66015625,7981.66015625,7981.66015625
08-01-2019,8175.81005859375,8175.81005859375,0.0,8175.81005859375,8175.81005859375,8175.81005859375
09-01-2019,8089.52001953125,8089.52001953125,0.0,8089.52001953125,8089.52001953125,8089.52001953125
10-01-2019,8111.08984375,8111.08984375,0.0,8111.08984375,8111.08984375,8111.08984375
11-01-2019,8218.9501953125,8218.9501953125,0.0,8218.9501953125,8218.9501953125,8218.9501953125
14-01-2019,8154.22998046875,8154.22998046875,0.0,8154.22998046875,8154.22998046875,8154.22998046875
15-01-2019,8197.3798828125,8197.3798828125,0.0,8197.3798828125,8197.3798828125,8197.3798828125
16-01-2019,8326.8095703125,8326.8095703125,0.0,8326.8095703125,8326.8095703125,8326.8095703125
17-01-2019,8348.3798828125,8348.3798828125,0.0,8348.3798828125,8348.3798828125,8348.3798828125
18-01-2019,8456.240234375,8456.240234375,0.0,8456.240234375,8456.240234375,8456.240234375
22-01-2019,8671.9599609375,8671.9599609375,0.0,8671.9599609375,8671.9599609375,8671.9599609375
23-01-2019,8801.400390625,8801.400390625,0.0,8801.400390625,8801.400390625,8801.400390625
24-01-2019,8844.5400390625,8844.5400390625,0.0,8844.5400390625,8844.5400390625,8844.5400390625
25-01-2019,8973.9697265625,8973.9697265625,0.0,8973.9697265625,8973.9697265625,8973.9697265625
28-01-2019,9060.259765625,9060.259765625,0.0,9060.259765625,9060.259765625,9060.259765625
29-01-2019,9189.6904296875,9189.6904296875,0.0,9189.6904296875,9189.6904296875,9189.6904296875
30-01-2019,9189.6904296875,9189.6904296875,0.0,9189.6904296875,9189.6904296875,9189.6904296875
31-01-2019,9146.5498046875,9146.5498046875,0.0,9146.5498046875,9146.5498046875,9146.5498046875
01-02-2019,9319.1298828125,9319.1298828125,0.0,9319.1298828125,9319.1298828125,9319.1298828125
04-02-2019,9275.98046875,9275.98046875,0.0,9275.98046875,9275.98046875,9275.98046875
05-02-2019,9405.41015625,9405.41015625,0.0,9405.41015625,9405.41015625,9405.41015625
06-02-2019,9405.41015625,9405.41015625,0.0,9405.41015625,9405.41015625,9405.41015625
07-02-2019,9405.41015625,9405.41015625,0.0,9405.41015625,9405.41015625,9405.41015625
08-02-2019,9577.990234375,9577.990234375,0.0,9577.990234375,9577.990234375,9577.990234375
11-02-2019,9793.7099609375,9793.7099609375,0.0,9793.7099609375,9793.7099609375,9793.7099609375
12-02-2019,9793.7099609375,9793.7099609375,0.0,9793.7099609375,9793.7099609375,9793.7099609375
13-02-2019,9750.5703125,9750.5703125,0.0,9750.5703125,9750.5703125,9750.5703125
14-02-2019,9793.7099609375,9793.7099609375,0.0,9793.7099609375,9793.7099609375,9793.7099609375
15-02-2019,9707.419921875,9707.419921875,0.0,9707.419921875,9707.419921875,9707.419921875
19-02-2019,,,,,,
20-02-2019,9880.0,9880.0,0.0,9880.0,9880.0,9880.0
21-02-2019,9750.5703125,9750.5703125,0.0,9750.5703125,9750.5703125,9750.5703125
22-02-2019,9621.1298828125,9621.1298828125,0.0,9621.1298828125,9621.1298828125,9621.1298828125
25-02-2019,9405.41015625,9405.41015625,0.0,9405.41015625,9405.41015625,9405.41015625
26-02-2019,9491.7001953125,9491.7001953125,0.0,9491.7001953125,9491.7001953125,9491.7001953125
27-02-2019,9750.5703125,9750.5703125,0.0,9750.5703125,9750.5703125,9750.5703125
28-02-2019,9750.5703125,9750.5703125,0.0,9750.5703125,9750.5703125,9750.5703125
01-03-2019,9793.7099609375,9793.7099609375,0.0,9793.7099609375,9793.7099609375,9793.7099609375
04-03-2019,9923.1396484375,9923.1396484375,0.0,9923.1396484375,9923.1396484375,9923.1396484375
05-03-2019,10354.599609375,10354.599609375,0.0,10354.599609375,10354.599609375,10354.599609375
06-03-2019,10958.599609375,10958.599609375,0.0,10958.599609375,10958.599609375,10958.599609375
07-03-2019,10786.0,10786.0,0.0,10786.0,10786.0,10786.0
08-03-2019,10484.0,10484.0,0.0,10484.0,10484.0,10484.0
11-03-2019,,,,,,
12-03-2019,10138.900390625,10138.900390625,0.0,10138.900390625,10138.900390625,10138.900390625
13-03-2019,10268.2998046875,10268.2998046875,0.0,10268.2998046875,10268.2998046875,10268.2998046875
14-03-2019,10397.7001953125,10397.7001953125,0.0,10397.7001953125,10397.7001953125,10397.7001953125
15-03-2019,10225.2001953125,10225.2001953125,0.0,10225.2001953125,10225.2001953125,10225.2001953125
18-03-2019,,,,,,
19-03-2019,9793.7099609375,9793.7099609375,0.0,9793.7099609375,9793.7099609375,9793.7099609375
20-03-2019,9880.0,9880.0,0.0,9880.0,9880.0,9880.0
21-03-2019,9664.2802734375,9664.2802734375,0.0,9664.2802734375,9664.2802734375,9664.2802734375
22-03-2019,9707.419921875,9707.419921875,0.0,9707.419921875,9707.419921875,9707.419921875
25-03-2019,,,,,,
26-03-2019,9664.2802734375,9664.2802734375,0.0,9664.2802734375,9664.2802734375,9664.2802734375
27-03-2019,9664.2802734375,9664.2802734375,0.0,9664.2802734375,9664.2802734375,9664.2802734375
28-03-2019,9577.990234375,9577.990234375,0.0,9577.990234375,9577.990234375,9577.990234375
29-03-2019,9664.2802734375,9664.2802734375,0.0,9664.2802734375,9664.2802734375,9664.2802734375
01-04-2019,9923.1396484375,9923.1396484375,0.0,9923.1396484375,9923.1396484375,9923.1396484375
02-04-2019,9577.990234375,9577.990234375,0.0,9577.990234375,9577.990234375,9577.990234375
03-04-2019,9707.419921875,9707.419921875,0.0,9707.419921875,9707.419921875,9707.419921875
04-04-2019,9621.1298828125,9621.1298828125,0.0,9621.1298828125,9621.1298828125,9621.1298828125
05-04-2019,9793.7099609375,9793.7099609375,0.0,9793.7099609375,9793.7099609375,9793.7099609375
08-04-2019,9750.5703125,9750.5703125,0.0,9750.5703125,9750.5703125,9750.5703125
09-04-2019,10182.0,10182.0,0.0,10182.0,10182.0,10182.0
10-04-2019,10138.900390625,10138.900390625,0.0,10138.900390625,10138.900390625,10138.900390625
11-04-2019,10009.400390625,10009.400390625,0.0,10009.400390625,10009.400390625,10009.400390625
12-04-2019,9836.849609375,9836.849609375,0.0,9836.849609375,9836.849609375,9836.849609375
15-04-2019,9923.1396484375,9923.1396484375,0.0,9923.1396484375,9923.1396484375,9923.1396484375
16-04-2019,9707.419921875,9707.419921875,0.0,9707.419921875,9707.419921875,9707.419921875
17-04-2019,9362.26953125,9362.26953125,0.0,9362.26953125,9362.26953125,9362.26953125
18-04-2019,9017.1201171875,9017.1201171875,0.0,9017.1201171875,9017.1201171875,9017.1201171875
22-04-2019,9017.1201171875,9017.1201171875,0.0,9017.1201171875,9017.1201171875,9017.1201171875
23-04-2019,8844.5400390625,8844.5400390625,0.0,8844.5400390625,8844.5400390625,8844.5400390625
24-04-2019,8758.25,8758.25,0.0,8758.25,8758.25,8758.25
25-04-2019,8758.25,8758.25,0.0,8758.25,8758.25,8758.25
26-04-2019,,,,,,
29-04-2019,8758.25,8758.25,0.0,8758.25,8758.25,8758.25
30-04-2019,8542.5302734375,8542.5302734375,0.0,8542.5302734375,8542.5302734375,8542.5302734375
01-05-2019,8542.5302734375,8542.5302734375,0.0,8542.5302734375,8542.5302734375,8542.5302734375
02-05-2019,8585.6796875,8585.6796875,0.0,8585.6796875,8585.6796875,8585.6796875
03-05-2019,8973.9697265625,8973.9697265625,0.0,8973.9697265625,8973.9697265625,8973.9697265625
06-05-2019,8758.25,8758.25,0.0,8758.25,8758.25,8758.25
07-05-2019,8564.099609375,8564.099609375,0.0,8564.099609375,8564.099609375,8564.099609375
08-05-2019,8585.6796875,8585.6796875,0.0,8585.6796875,8585.6796875,8585.6796875
09-05-2019,8607.25,8607.25,0.0,8607.25,8607.25,8607.25
10-05-2019,8413.099609375,8413.099609375,0.0,8413.099609375,8413.099609375,8413.099609375
13-05-2019,8326.8095703125,8326.8095703125,0.0,8326.8095703125,8326.8095703125,8326.8095703125
14-05-2019,8305.240234375,8305.240234375,0.0,8305.240234375,8305.240234375,8305.240234375
15-05-2019,8111.08984375,8111.08984375,0.0,8111.08984375,8111.08984375,8111.08984375
16-05-2019,8111.08984375,8111.08984375,0.0,8111.08984375,8111.08984375,8111.08984375
17-05-2019,8111.08984375,8111.08984375,0.0,8111.08984375,8111.08984375,8111.08984375
20-05-2019,8003.22998046875,8003.22998046875,0.0,8003.22998046875,8003.22998046875,8003.22998046875
21-05-2019,8175.81005859375,8175.81005859375,0.0,8175.81005859375,8175.81005859375,8175.81005859375
22-05-2019,8154.22998046875,8154.22998046875,0.0,8154.22998046875,8154.22998046875,8154.22998046875
23-05-2019,7981.66015625,7981.66015625,0.0,7981.66015625,7981.66015625,7981.66015625
24-05-2019,7960.08984375,7960.08984375,0.0,7960.08984375,7960.08984375,7960.08984375
28-05-2019,8283.669921875,8283.669921875,0.0,8283.669921875,8283.669921875,8283.669921875
29-05-2019,8154.22998046875,8154.22998046875,0.0,8154.22998046875,8154.22998046875,8154.22998046875
30-05-2019,8283.669921875,8283.669921875,0.0,8283.669921875,8283.669921875,8283.669921875
31-05-2019,8585.6796875,8585.6796875,0.0,8585.6796875,8585.6796875,8585.6796875
03-06-2019,8844.5400390625,8844.5400390625,0.0,8844.5400390625,8844.5400390625,8844.5400390625
04-06-2019,8973.9697265625,8973.9697265625,0.0,8973.9697265625,8973.9697265625,8973.9697265625
05-06-2019,9060.259765625,9060.259765625,0.0,9060.259765625,9060.259765625,9060.259765625
06-06-2019,9448.5595703125,9448.5595703125,0.0,9448.5595703125,9448.5595703125,9448.5595703125
07-06-2019,9448.5595703125,9448.5595703125,0.0,9448.5595703125,9448.5595703125,9448.5595703125
10-06-2019,,,,,,
11-06-2019,,,,,,
12-06-2019,,,,,,
13-06-2019,,,,,,
14-06-2019,,,,,,
17-06-2019,,,,,,
18-06-2019,,,,,,
19-06-2019,,,,,,
20-06-2019,,,,,,
21-06-2019,,,,,,
24-06-2019,,,,,,
25-06-2019,,,,,,
26-06-2019,,,,,,
27-06-2019,8830.759765625,8830.759765625,0.0,8830.759765625,8830.759765625,8830.759765625
28-06-2019,,,,,,
01-07-2019,,,,,,
02-07-2019,,,,,,
03-07-2019,,,,,,
05-07-2019,,,,,,
08-07-2019,,,,,,
09-07-2019,,,,,,
10-07-2019,,,,,,
11-07-2019,,,,,,
12-07-2019,,,,,,
15-07-2019,,,,,,
16-07-2019,,,,,,
17-07-2019,,,,,,
18-07-2019,,,,,,
19-07-2019,,,,,,
22-07-2019,,,,,,
23-07-2019,,,,,,
24-07-2019,,,,,,
25-07-2019,,,,,,
26-07-2019,,,,,,
29-07-2019,,,,,,
30-07-2019,,,,,,
31-07-2019,,,,,,
01-08-2019,,,,,,
02-08-2019,,,,,,
05-08-2019,,,,,,
06-08-2019,,,,,,
07-08-2019,,,,,,
08-08-2019,,,,,,
09-08-2019,,,,,,
12-08-2019,,,,,,
13-08-2019,,,,,,
14-08-2019,,,,,,
15-08-2019,,,,,,
16-08-2019,,,,,,
19-08-2019,,,,,,
20-08-2019,,,,,,
21-08-2019,,,,,,
22-08-2019,,,,,,
23-08-2019,,,,,,
26-08-2019,,,,,,
27-08-2019,,,,,,
28-08-2019,,,,,,
29-08-2019,,,,,,
30-08-2019,,,,,,
03-09-2019,,,,,,
04-09-2019,,,,,,
05-09-2019,,,,,,
06-09-2019,,,,,,
09-09-2019,,,,,,
10-09-2019,,,,,,
11-09-2019,,,,,,
12-09-2019,,,,,,
13-09-2019,,,,,,
16-09-2019,,,,,,
17-09-2019,,,,,,
18-09-2019,,,,,,
19-09-2019,,,,,,
20-09-2019,,,,,,
23-09-2019,,,,,,
24-09-2019,,,,,,
25-09-2019,,,,,,
26-09-2019,,,,,,
27-09-2019,,,,,,
30-09-2019,,,,,,
01-10-2019,,,,,,
02-10-2019,,,,,,
03-10-2019,,,,,,
04-10-2019,,,,,,
07-10-2019,,,,,,
08-10-2019,,,,,,
09-10-2019,,,,,,
10-10-2019,,,,,,
11-10-2019,,,,,,
14-10-2019,,,,,,
15-10-2019,,,,,,
16-10-2019,,,,,,
17-10-2019,,,,,,
18-10-2019,,,,,,
21-10-2019,,,,,,
22-10-2019,,,,,,
23-10-2019,,,,,,
24-10-2019,,,,,,
25-10-2019,,,,,,
28-10-2019,,,,,,
29-10-2019,,,,,,
30-10-2019,,,,,,
31-10-2019,,,,,,
01-11-2019,,,,,,
04-11-2019,,,,,,
05-11-2019,,,,,,
06-11-2019,,,,,,
07-11-2019,,,,,,
08-11-2019,,,,,,
11-11-2019,,,,,,
12-11-2019,,,,,,
13-11-2019,,,,,,
14-11-2019,,,,,,
15-11-2019,,,,,,
18-11-2019,,,,,,
19-11-2019,,,,,,
20-11-2019,,,,,,
21-11-2019,,,,,,
22-11-2019,,,,,,
25-11-2019,,,,,,
26-11-2019,,,,,,
27-11-2019,,,,,,
29-11-2019,8913.990234375,8913.990234375,0.0,8913.990234375,8913.990234375,8913.990234375
02-12-2019,,,,,,
03-12-2019,,,,,,
04-12-2019,,,,,,
05-12-2019,,,,,,
06-12-2019,,,,,,
09-12-2019,,,,,,
10-12-2019,,,,,,
11-12-2019,,,,,,
12-12-2019,,,,,,
13-12-2019,,,,,,
16-12-2019,,,,,,
17-12-2019,,,,,,
18-12-2019,,,,,,
19-12-2019,,,,,,
20-12-2019,,,,,,
23-12-2019,,,,,,
24-12-2019,,,,,,
26-12-2019,,,,,,
27-12-2019,,,,,,
30-12-2019,,,,,,
31-12-2019,,,,,,
02-01-2020,,,,,,
03-01-2020,8912.099609375,8912.099609375,0.0,8912.099609375,8912.099609375,8912.099609375
06-01-2020,8956.5498046875,8956.5498046875,0.0,8956.5498046875,8956.5498046875,8956.5498046875
07-01-2020,8912.099609375,8912.099609375,0.0,8912.099609375,8912.099609375,8912.099609375
08-01-2020,8850.01953125,8850.01953125,0.0,8850.01953125,8850.01953125,8850.01953125
09-01-2020,9153.0400390625,9153.0400390625,0.0,9153.0400390625,9153.0400390625,9153.0400390625
10-01-2020,9377.2802734375,9377.2802734375,0.0,9377.2802734375,9377.2802734375,9377.2802734375
13-01-2020,9288.259765625,9288.259765625,0.0,9288.259765625,9288.259765625,9288.259765625
14-01-2020,9245.7001953125,9245.7001953125,0.0,9245.7001953125,9245.7001953125,9245.7001953125
15-01-2020,9375.3896484375,9375.3896484375,0.0,9375.3896484375,9375.3896484375,9375.3896484375
16-01-2020,9345.759765625,9345.759765625,0.0,9345.759765625,9345.759765625,9345.759765625
17-01-2020,9236.41015625,9236.41015625,0.0,9236.41015625,9236.41015625,9236.41015625
21-01-2020,9190.080078125,9190.080078125,0.0,9190.080078125,9190.080078125,9190.080078125
22-01-2020,9110.349609375,9110.349609375,0.0,9110.349609375,9110.349609375,9110.349609375
23-01-2020,9219.7099609375,9219.7099609375,0.0,9219.7099609375,9219.7099609375,9219.7099609375
24-01-2020,9304.9599609375,9304.9599609375,0.0,9304.9599609375,9304.9599609375,9304.9599609375
27-01-2020,9204.8896484375,9204.8896484375,0.0,9204.8896484375,9204.8896484375,9204.8896484375
28-01-2020,9156.6796875,9156.6796875,0.0,9156.6796875,9156.6796875,9156.6796875
29-01-2020,9125.16015625,9125.16015625,0.0,9125.16015625,9125.16015625,9125.16015625
30-01-2020,9071.4296875,9071.4296875,0.0,9071.4296875,9071.4296875,9071.4296875
31-01-2020,8938.900390625,8938.900390625,0.0,8938.900390625,8938.900390625,8938.900390625
03-02-2020,8774.8701171875,8774.8701171875,0.0,8774.8701171875,8774.8701171875,8774.8701171875
04-02-2020,8899.98046875,8899.98046875,0.0,8899.98046875,8899.98046875,8899.98046875
05-02-2020,8886.1103515625,8886.1103515625,0.0,8886.1103515625,8886.1103515625,8886.1103515625
06-02-2020,8875.8701171875,8875.8701171875,0.0,8875.8701171875,8875.8701171875,8875.8701171875
07-02-2020,8869.41015625,8869.41015625,0.0,8869.41015625,8869.41015625,8869.41015625
10-02-2020,8906.4501953125,8906.4501953125,0.0,8906.4501953125,8906.4501953125,8906.4501953125
11-02-2020,8902.8095703125,8902.8095703125,0.0,8902.8095703125,8902.8095703125,8902.8095703125
12-02-2020,8885.169921875,8885.169921875,0.0,8885.169921875,8885.169921875,8885.169921875
13-02-2020,8816.6201171875,8816.6201171875,0.0,8816.6201171875,8816.6201171875,8816.6201171875
14-02-2020,8845.2998046875,8845.2998046875,0.0,8845.2998046875,8845.2998046875,8845.2998046875
18-02-2020,8750.759765625,8750.759765625,0.0,8750.759765625,8750.759765625,8750.759765625
19-02-2020,8735.9404296875,8735.9404296875,0.0,8735.9404296875,8735.9404296875,8735.9404296875
20-02-2020,8786.0498046875,8786.0498046875,0.0,8786.0498046875,8786.0498046875,8786.0498046875
21-02-2020,8669.2802734375,8669.2802734375,0.0,8669.2802734375,8669.2802734375,8669.2802734375
24-02-2020,8150.3701171875,8150.3701171875,0.0,8150.3701171875,8150.3701171875,8150.3701171875
25-02-2020,,,,,,
26-02-2020,,,,,,
27-02-2020,,,,,,
28-02-2020,,,,,,
02-03-2020,7284.93994140625,7284.93994140625,0.0,7284.93994140625,7284.93994140625,7284.93994140625
03-03-2020,7351.60009765625,7351.60009765625,0.0,7351.60009765625,7351.60009765625,7351.60009765625
04-03-2020,7674.14990234375,7674.14990234375,0.0,7674.14990234375,7674.14990234375,7674.14990234375
05-03-2020,7435.91015625,7435.91015625,0.0,7435.91015625,7435.91015625,7435.91015625
06-03-2020,6972.6201171875,6972.6201171875,0.0,6972.6201171875,6972.6201171875,6972.6201171875
09-03-2020,6324.9599609375,6324.9599609375,0.0,6324.9599609375,6324.9599609375,6324.9599609375
10-03-2020,6767.10986328125,6767.10986328125,0.0,6767.10986328125,6767.10986328125,6767.10986328125
11-03-2020,6556.740234375,6556.740234375,0.0,6556.740234375,6556.740234375,6556.740234375
12-03-2020,6100.85986328125,6100.85986328125,0.0,6100.85986328125,6100.85986328125,6100.85986328125
13-03-2020,,,,,,
16-03-2020,,,,,,
17-03-2020,,,,,,
18-03-2020,,,,,,
19-03-2020,,,,,,
20-03-2020,,,,,,
23-03-2020,,,,,,
24-03-2020,,,,,,
25-03-2020,,,,,,
26-03-2020,6167.39013671875,6167.39013671875,0.0,6167.39013671875,6167.39013671875,6167.39013671875
27-03-2020,6067.18994140625,6067.18994140625,0.0,6067.18994140625,6067.18994140625,6067.18994140625
30-03-2020,6052.3701171875,6052.3701171875,0.0,6052.3701171875,6052.3701171875,6052.3701171875
31-03-2020,6089.5400390625,6089.5400390625,0.0,6089.5400390625,6089.5400390625,6089.5400390625
01-04-2020,6015.33984375,6015.33984375,0.0,6015.33984375,6015.33984375,6015.33984375
02-04-2020,6015.33984375,6015.33984375,0.0,6015.33984375,6015.33984375,6015.33984375
03-04-2020,5857.759765625,5857.759765625,0.0,5857.759765625,5857.759765625,5857.759765625
06-04-2020,6171.02001953125,6171.02001953125,0.0,6171.02001953125,6171.02001953125,6171.02001953125
07-04-2020,6327.169921875,6327.169921875,0.0,6327.169921875,6327.169921875,6327.169921875
08-04-2020,6249.64990234375,6249.64990234375,0.0,6249.64990234375,6249.64990234375,6249.64990234375
09-04-2020,6215.60009765625,6215.60009765625,0.0,6215.60009765625,6215.60009765625,6215.60009765625
13-04-2020,6215.60009765625,6215.60009765625,0.0,6215.60009765625,6215.60009765625,6215.60009765625
14-04-2020,6337.89013671875,6337.89013671875,0.0,6337.89013671875,6337.89013671875,6337.89013671875
15-04-2020,6371.14990234375,6371.14990234375,0.0,6371.14990234375,6371.14990234375,6371.14990234375
16-04-2020,6261.93017578125,6261.93017578125,0.0,6261.93017578125,6261.93017578125,6261.93017578125
17-04-2020,,,,,,
20-04-2020,,,,,,
21-04-2020,6578.9599609375,6578.9599609375,0.0,6578.9599609375,6578.9599609375,6578.9599609375
22-04-2020,7026.7900390625,7026.7900390625,0.0,7026.7900390625,7026.7900390625,7026.7900390625
23-04-2020,7366.3701171875,7366.3701171875,0.0,7366.3701171875,7366.3701171875,7366.3701171875
24-04-2020,7485.02001953125,7485.02001953125,0.0,7485.02001953125,7485.02001953125,7485.02001953125
27-04-2020,8139.60009765625,8139.60009765625,0.0,8139.60009765625,8139.60009765625,8139.60009765625
28-04-2020,,,,,,
29-04-2020,7874.56005859375,7874.56005859375,0.0,7874.56005859375,7874.56005859375,7874.56005859375
30-04-2020,,,,,,
01-05-2020,,,,,,
04-05-2020,,,,,,
05-05-2020,,,,,,
06-05-2020,,,,,,
07-05-2020,,,,,,
08-05-2020,,,,,,
11-05-2020,,,,,,
12-05-2020,,,,,,
13-05-2020,,,,,,
14-05-2020,,,,,,
15-05-2020,,,,,,
18-05-2020,,,,,,
19-05-2020,,,,,,
20-05-2020,,,,,,
21-05-2020,,,,,,
22-05-2020,,,,,,
26-05-2020,,,,,,
27-05-2020,,,,,,
28-05-2020,,,,,,
29-05-2020,,,,,,
01-06-2020,,,,,,
02-06-2020,,,,,,
03-06-2020,,,,,,
04-06-2020,,,,,,
05-06-2020,,,,,,
08-06-2020,,,,,,
09-06-2020,,,,,,
10-06-2020,,,,,,
11-06-2020,,,,,,
12-06-2020,,,,,,
15-06-2020,,,,,,
16-06-2020,,,,,,
17-06-2020,,,,,,
18-06-2020,,,,,,
19-06-2020,,,,,,
22-06-2020,,,,,,
23-06-2020,,,,,,
24-06-2020,,,,,,
25-06-2020,,,,,,
26-06-2020,,,,,,
29-06-2020,,,,,,
30-06-2020,,,,,,
01-07-2020,,,,,,
02-07-2020,,,,,,
06-07-2020,,,,,,
07-07-2020,,,,,,
08-07-2020,,,,,,
09-07-2020,,,,,,
10-07-2020,,,,,,
13-07-2020,,,,,,
14-07-2020,,,,,,
15-07-2020,,,,,,
16-07-2020,,,,,,
17-07-2020,,,,,,
20-07-2020,,,,,,
21-07-2020,,,,,,
22-07-2020,,,,,,
23-07-2020,,,,,,
24-07-2020,,,,,,
27-07-2020,,,,,,
28-07-2020,,,,,,
29-07-2020,,,,,,
30-07-2020,,,,,,
31-07-2020,,,,,,
03-08-2020,,,,,,
04-08-2020,,,,,,
05-08-2020,,,,,,
06-08-2020,,,,,,
07-08-2020,,,,,,
10-08-2020,,,,,,
11-08-2020,,,,,,
12-08-2020,,,,,,
13-08-2020,,,,,,
14-08-2020,,,,,,
17-08-2020,,,,,,
18-08-2020,,,,,,
19-08-2020,,,,,,
20-08-2020,,,,,,
21-08-2020,,,,,,
24-08-2020,,,,,,
25-08-2020,,,,,,
26-08-2020,,,,,,
27-08-2020,,,,,,
28-08-2020,,,,,,
31-08-2020,,,,,,
01-09-2020,,,,,,
02-09-2020,,,,,,
03-09-2020,,,,,,
04-09-2020,,,,,,
08-09-2020,,,,,,
09-09-2020,,,,,,
10-09-2020,,,,,,
11-09-2020,,,,,,
14-09-2020,,,,,,
15-09-2020,,,,,,
16-09-2020,,,,,,
17-09-2020,,,,,,
18-09-2020,,,,,,
21-09-2020,,,,,,
22-09-2020,,,,,,
23-09-2020,,,,,,
24-09-2020,,,,,,
25-09-2020,,,,,,
28-09-2020,,,,,,
29-09-2020,,,,,,
30-09-2020,,,,,,
01-10-2020,,,,,,
02-10-2020,,,,,,
05-10-2020,,,,,,
06-10-2020,,,,,,
07-10-2020,,,,,,
08-10-2020,,,,,,
09-10-2020,,,,,,
12-10-2020,,,,,,
13-10-2020,,,,,,
14-10-2020,,,,,,
15-10-2020,,,,,,
16-10-2020,,,,,,
19-10-2020,,,,,,
20-10-2020,,,,,,
21-10-2020,,,,,,
22-10-2020,,,,,,
23-10-2020,,,,,,
26-10-2020,,,,,,
27-10-2020,,,,,,
28-10-2020,,,,,,
29-10-2020,,,,,,
30-10-2020,,,,,,
02-11-2020,,,,,,
03-11-2020,,,,,,
04-11-2020,,,,,,
05-11-2020,,,,,,
06-11-2020,,,,,,
09-11-2020,,,,,,
10-11-2020,,,,,,
11-11-2020,,,,,,
12-11-2020,,,,,,
13-11-2020,,,,,,
16-11-2020,,,,,,
17-11-2020,,,,,,
18-11-2020,,,,,,
19-11-2020,,,,,,
20-11-2020,,,,,,
23-11-2020,,,,,,
24-11-2020,,,,,,
25-11-2020,,,,,,
27-11-2020,,,,,,
30-11-2020,,,,,,
01-12-2020,,,,,,
02-12-2020,,,,,,
03-12-2020,,,,,,
04-12-2020,,,,,,
07-12-2020,,,,,,
08-12-2020,,,,,,
09-12-2020,,,,,,
10-12-2020,,,,,,
11-12-2020,,,,,,
14-12-2020,,,,,,
15-12-2020,,,,,,
16-12-2020,,,,,,
17-12-2020,,,,,,
18-12-2020,,,,,,
21-12-2020,,,,,,
22-12-2020,,,,,,
23-12-2020,,,,,,
24-12-2020,,,,,,
28-12-2020,,,,,,
29-12-2020,,,,,,
30-12-2020,,,,,,
31-12-2020,,,,,,
04-01-2021,,,,,,
05-01-2021,,,,,,
06-01-2021,,,,,,
07-01-2021,,,,,,
08-01-2021,,,,,,
11-01-2021,,,,,,
12-01-2021,,,,,,
13-01-2021,,,,,,
14-01-2021,,,,,,
15-01-2021,,,,,,
19-01-2021,,,,,,
20-01-2021,,,,,,
21-01-2021,,,,,,
22-01-2021,,,,,,
25-01-2021,,,,,,
26-01-2021,,,,,,
27-01-2021,,,,,,
28-01-2021,,,,,,
29-01-2021,,,,,,
01-02-2021,,,,,,
02-02-2021,,,,,,
03-02-2021,,,,,,
04-02-2021,,,,,,
05-02-2021,,,,,,
08-02-2021,,,,,,
09-02-2021,,,,,,
10-02-2021,,,,,,
11-02-2021,,,,,,
12-02-2021,,,,,,
16-02-2021,,,,,,
17-02-2021,,,,,,
18-02-2021,,,,,,
19-02-2021,,,,,,
22-02-2021,,,,,,
23-02-2021,,,,,,
24-02-2021,,,,,,
25-02-2021,,,,,,
26-02-2021,,,,,,
01-03-2021,,,,,,
02-03-2021,,,,,,
03-03-2021,,,,,,
04-03-2021,,,,,,
05-03-2021,,,,,,
08-03-2021,,,,,,
09-03-2021,,,,,,
10-03-2021,,,,,,
11-03-2021,,,,,,
12-03-2021,,,,,,
15-03-2021,,,,,,
16-03-2021,,,,,,
17-03-2021,,,,,,
18-03-2021,,,,,,
19-03-2021,,,,,,
22-03-2021,,,,,,
23-03-2021,,,,,,
24-03-2021,,,,,,
25-03-2021,,,,,,
26-03-2021,,,,,,
29-03-2021,,,,,,
30-03-2021,,,,,,
31-03-2021,,,,,,
01-04-2021,,,,,,
05-04-2021,,,,,,
06-04-2021,,,,,,
07-04-2021,,,,,,
08-04-2021,,,,,,
09-04-2021,,,,,,
12-04-2021,,,,,,
13-04-2021,,,,,,
14-04-2021,,,,,,
15-04-2021,,,,,,
16-04-2021,,,,,,
19-04-2021,,,,,,
20-04-2021,,,,,,
21-04-2021,,,,,,
22-04-2021,,,,,,
23-04-2021,,,,,,
26-04-2021,,,,,,
27-04-2021,,,,,,
28-04-2021,,,,,,
29-04-2021,,,,,,
30-04-2021,,,,,,
03-05-2021,,,,,,
04-05-2021,,,,,,
05-05-2021,,,,,,
06-05-2021,,,,,,
07-05-2021,,,,,,
10-05-2021,,,,,,
11-05-2021,,,,,,
12-05-2021,,,,,,
13-05-2021,,,,,,
14-05-2021,,,,,,
17-05-2021,,,,,,
18-05-2021,,,,,,
19-05-2021,,,,,,
20-05-2021,,,,,,
21-05-2021,,,,,,
24-05-2021,,,,,,
25-05-2021,,,,,,
26-05-2021,,,,,,
27-05-2021,,,,,,
28-05-2021,,,,,,
01-06-2021,,,,,,
02-06-2021,,,,,,
03-06-2021,,,,,,
04-06-2021,,,,,,
07-06-2021,,,,,,
08-06-2021,,,,,,
09-06-2021,,,,,,
10-06-2021,,,,,,
11-06-2021,,,,,,
14-06-2021,,,,,,
15-06-2021,,,,,,
16-06-2021,,,,,,
17-06-2021,,,,,,
18-06-2021,,,,,,
21-06-2021,,,,,,
22-06-2021,,,,,,
23-06-2021,,,,,,
24-06-2021,,,,,,
25-06-2021,,,,,,
28-06-2021,,,,,,
29-06-2021,,,,,,
30-06-2021,,,,,,
01-07-2021,,,,,,
02-07-2021,,,,,,
06-07-2021,,,,,,
07-07-2021,,,,,,
08-07-2021,,,,,,
09-07-2021,,,,,,
12-07-2021,,,,,,
13-07-2021,,,,,,
14-07-2021,,,,,,
15-07-2021,,,,,,
16-07-2021,,,,,,
19-07-2021,,,,,,
20-07-2021,,,,,,
21-07-2021,,,,,,
22-07-2021,,,,,,
23-07-2021,,,,,,
26-07-2021,,,,,,
27-07-2021,,,,,,
28-07-2021,,,,,,
29-07-2021,,,,,,
30-07-2021,,,,,,
02-08-2021,,,,,,
03-08-2021,,,,,,
04-08-2021,,,,,,
05-08-2021,,,,,,
06-08-2021,,,,,,
09-08-2021,,,,,,
10-08-2021,,,,,,
11-08-2021,,,,,,
12-08-2021,,,,,,
13-08-2021,,,,,,
16-08-2021,,,,,,
17-08-2021,,,,,,
18-08-2021,,,,,,
19-08-2021,,,,,,
20-08-2021,,,,,,
23-08-2021,,,,,,
24-08-2021,,,,,,
25-08-2021,,,,,,
26-08-2021,,,,,,
27-08-2021,,,,,,
30-08-2021,,,,,,
31-08-2021,,,,,,
01-09-2021,,,,,,
02-09-2021,,,,,,
03-09-2021,,,,,,
07-09-2021,,,,,,
08-09-2021,,,,,,
09-09-2021,,,,,,
10-09-2021,,,,,,
13-09-2021,,,,,,
14-09-2021,,,,,,
15-09-2021,,,,,,
16-09-2021,,,,,,
17-09-2021,,,,,,
20-09-2021,,,,,,
21-09-2021,,,,,,
22-09-2021,,,,,,
23-09-2021,,,,,,
24-09-2021,,,,,,
27-09-2021,,,,,,
28-09-2021,,,,,,
29-09-2021,,,,,,
30-09-2021,,,,,,
01-10-2021,,,,,,
04-10-2021,,,,,,
05-10-2021,,,,,,
06-10-2021,,,,,,
07-10-2021,,,,,,
08-10-2021,,,,,,
11-10-2021,,,,,,
12-10-2021,,,,,,
13-10-2021,,,,,,
14-10-2021,,,,,,
15-10-2021,,,,,,
18-10-2021,,,,,,
19-10-2021,,,,,,
20-10-2021,,,,,,
21-10-2021,,,,,,
22-10-2021,,,,,,
25-10-2021,,,,,,
26-10-2021,,,,,,
27-10-2021,,,,,,
28-10-2021,,,,,,
29-10-2021,,,,,,
01-11-2021,,,,,,
02-11-2021,,,,,,
03-11-2021,,,,,,
04-11-2021,,,,,,
05-11-2021,,,,,,
08-11-2021,,,,,,
09-11-2021,,,,,,
10-11-2021,,,,,,
11-11-2021,,,,,,
12-11-2021,,,,,,
15-11-2021,,,,,,
16-11-2021,,,,,,
17-11-2021,,,,,,
18-11-2021,,,,,,
19-11-2021,,,,,,
22-11-2021,,,,,,
23-11-2021,,,,,,
24-11-2021,,,,,,
26-11-2021,,,,,,
29-11-2021,,,,,,
30-11-2021,,,,,,
01-12-2021,,,,,,
02-12-2021,,,,,,
03-12-2021,,,,,,
06-12-2021,,,,,,
07-12-2021,,,,,,
08-12-2021,,,,,,
09-12-2021,,,,,,
10-12-2021,,,,,,
13-12-2021,,,,,,
14-12-2021,,,,,,
15-12-2021,,,,,,
16-12-2021,,,,,,
17-12-2021,,,,,,
20-12-2021,,,,,,
21-12-2021,,,,,,
22-12-2021,,,,,,
23-12-2021,,,,,,
27-12-2021,,,,,,
28-12-2021,,,,,,
29-12-2021,,,,,,
30-12-2021,,,,,,
31-12-2021,,,,,,
03-01-2022,,,,,,
04-01-2022,,,,,,
05-01-2022,,,,,,
06-01-2022,,,,,,
07-01-2022,,,,,,
10-01-2022,,,,,,
11-01-2022,,,,,,
12-01-2022,,,,,,
13-01-2022,,,,,,
14-01-2022,,,,,,
18-01-2022,,,,,,
19-01-2022,,,,,,
20-01-2022,,,,,,
21-01-2022,,,,,,
24-01-2022,,,,,,
25-01-2022,,,,,,
26-01-2022,,,,,,
27-01-2022,,,,,,
28-01-2022,,,,,,
31-01-2022,,,,,,
01-02-2022,,,,,,
02-02-2022,,,,,,
03-02-2022,,,,,,
04-02-2022,,,,,,
07-02-2022,,,,,,
08-02-2022,,,,,,
09-02-2022,,,,,,
10-02-2022,,,,,,
11-02-2022,,,,,,
14-02-2022,,,,,,
15-02-2022,,,,,,
16-02-2022,,,,,,
17-02-2022,,,,,,
18-02-2022,,,,,,
22-02-2022,,,,,,
23-02-2022,,,,,,
24-02-2022,,,,,,
25-02-2022,,,,,,
28-02-2022,,,,,,
01-03-2022,,,,,,
02-03-2022,,,,,,
03-03-2022,,,,,,
04-03-2022,,,,,,
07-03-2022,,,,,,
08-03-2022,,,,,,
09-03-2022,,,,,,
10-03-2022,,,,,,
11-03-2022,,,,,,
14-03-2022,,,,,,
15-03-2022,,,,,,
16-03-2022,,,,,,
17-03-2022,,,,,,
18-03-2022,,,,,,
21-03-2022,,,,,,
22-03-2022,,,,,,
23-03-2022,,,,,,
24-03-2022,,,,,,
25-03-2022,,,,,,
28-03-2022,,,,,,
29-03-2022,,,,,,
30-03-2022,,,,,,
31-03-2022,,,,,,
01-04-2022,,,,,,
04-04-2022,,,,,,
05-04-2022,,,,,,
06-04-2022,,,,,,
07-04-2022,,,,,,
08-04-2022,,,,,,
11-04-2022,,,,,,
12-04-2022,,,,,,
13-04-2022,,,,,,
14-04-2022,,,,,,
18-04-2022,,,,,,
19-04-2022,,,,,,
20-04-2022,,,,,,
21-04-2022,,,,,,
22-04-2022,,,,,,
25-04-2022,,,,,,
26-04-2022,,,,,,
27-04-2022,,,,,,
28-04-2022,,,,,,
29-04-2022,,,,,,
02-05-2022,,,,,,
03-05-2022,,,,,,
04-05-2022,,,,,,
05-05-2022,,,,,,
06-05-2022,,,,,,
09-05-2022,,,,,,
10-05-2022,,,,,,
11-05-2022,,,,,,
12-05-2022,,,,,,
13-05-2022,,,,,,
16-05-2022,,,,,,
17-05-2022,,,,,,
18-05-2022,,,,,,
19-05-2022,,,,,,
20-05-2022,,,,,,
23-05-2022,,,,,,
24-05-2022,,,,,,
25-05-2022,,,,,,
26-05-2022,,,,,,
27-05-2022,,,,,,
31-05-2022,,,,,,
01-06-2022,,,,,,
02-06-2022,,,,,,
03-06-2022,,,,,,
06-06-2022,,,,,,
07-06-2022,,,,,,
08-06-2022,,,,,,
09-06-2022,,,,,,
10-06-2022,,,,,,
13-06-2022,,,,,,
14-06-2022,,,,,,
15-06-2022,,,,,,
16-06-2022,,,,,,
17-06-2022,,,,,,
21-06-2022,,,,,,
22-06-2022,,,,,,
23-06-2022,,,,,,
24-06-2022,,,,,,
27-06-2022,,,,,,
28-06-2022,,,,,,
29-06-2022,,,,,,
30-06-2022,,,,,,
01-07-2022,,,,,,
05-07-2022,,,,,,
06-07-2022,,,,,,
07-07-2022,,,,,,
08-07-2022,,,,,,
11-07-2022,,,,,,
12-07-2022,,,,,,
13-07-2022,,,,,,
14-07-2022,,,,,,
15-07-2022,,,,,,
18-07-2022,,,,,,
19-07-2022,,,,,,
20-07-2022,,,,,,
21-07-2022,,,,,,
22-07-2022,,,,,,
25-07-2022,,,,,,
26-07-2022,,,,,,
27-07-2022,,,,,,
28-07-2022,,,,,,
29-07-2022,,,,,,
01-08-2022,,,,,,
02-08-2022,,,,,,
03-08-2022,,,,,,
04-08-2022,,,,,,
05-08-2022,,,,,,
08-08-2022,,,,,,
09-08-2022,,,,,,
10-08-2022,,,,,,
11-08-2022,,,,,,
12-08-2022,,,,,,
15-08-2022,,,,,,
16-08-2022,,,,,,
17-08-2022,,,,,,
18-08-2022,,,,,,
19-08-2022,,,,,,
22-08-2022,,,,,,
23-08-2022,,,,,,
24-08-2022,,,,,,
25-08-2022,,,,,,
26-08-2022,,,,,,
29-08-2022,,,,,,
30-08-2022,,,,,,
31-08-2022,,,,,,
01-09-2022,,,,,,
02-09-2022,,,,,,
06-09-2022,,,,,,
07-09-2022,,,,,,
08-09-2022,,,,,,
09-09-2022,,,,,,
12-09-2022,,,,,,
13-09-2022,,,,,,
14-09-2022,,,,,,
15-09-2022,,,,,,
16-09-2022,,,,,,
19-09-2022,,,,,,
20-09-2022,,,,,,
21-09-2022,,,,,,
22-09-2022,,,,,,
23-09-2022,,,,,,
26-09-2022,,,,,,
27-09-2022,,,,,,
28-09-2022,,,,,,
29-09-2022,,,,,,
30-09-2022,,,,,,
03-10-2022,,,,,,
04-10-2022,,,,,,
05-10-2022,,,,,,
06-10-2022,,,,,,
07-10-2022,,,,,,
10-10-2022,,,,,,
11-10-2022,,,,,,
12-10-2022,,,,,,
13-10-2022,,,,,,
14-10-2022,,,,,,
17-10-2022,,,,,,
18-10-2022,,,,,,
19-10-2022,,,,,,
20-10-2022,,,,,,
21-10-2022,,,,,,
24-10-2022,,,,,,
25-10-2022,,,,,,
26-10-2022,,,,,,
27-10-2022,,,,,,
28-10-2022,,,,,,
31-10-2022,,,,,,
01-11-2022,,,,,,
02-11-2022,,,,,,
03-11-2022,,,,,,
04-11-2022,,,,,,
07-11-2022,,,,,,
08-11-2022,,,,,,
09-11-2022,,,,,,
10-11-2022,,,,,,
11-11-2022,,,,,,
14-11-2022,,,,,,
15-11-2022,,,,,,
16-11-2022,,,,,,
17-11-2022,,,,,,
18-11-2022,,,,,,
21-11-2022,,,,,,
22-11-2022,,,,,,
23-11-2022,,,,,,
25-11-2022,,,,,,
28-11-2022,,,,,,
29-11-2022,,,,,,
30-11-2022,,,,,,
01-12-2022,,,,,,
02-12-2022,,,,,,
05-12-2022,,,,,,
06-12-2022,,,,,,
07-12-2022,,,,,,
08-12-2022,,,,,,
09-12-2022,,,,,,
12-12-2022,,,,,,
